Register;DOY;Hour;PAR;Tair;RH;VPD
1;212;0;0;16.375;93.78333333;0.115749398
2;212;1;0;16.075;93.85;0.112338696
3;212;2;0;15.98;94.03333333;0.108330668
4;212;3;0;15.76833333;93.05;0.124487922
5;212;4;0.6425;15.475;92.08333333;0.139162966
6;212;5;20.2415;16.195;88.35;0.214439758
7;212;6;188.63;18.35833333;83.13833333;0.35586805
8;212;7;253.9166667;19.6;70.535;0.67195695
9;212;8;597.2333333;22.93833333;67.15666667;0.919076906
10;212;9;567.9;23.55333333;67.44166667;0.945563186
11;212;10;450.1166667;24.29666667;65.97;1.033421497
12;212;11;759.6833333;24.44;62.62;1.144934139
13;212;12;421.3833333;25.68166667;64.08333333;1.184518696
14;212;13;478.0333333;26.72333333;63.51833333;1.279443473
15;212;14;424.0166667;26.99;63.19333333;1.311216544
16;212;15;384.5166667;26.24333333;61.81333333;1.301909503
17;212;16;327.3833333;25.71166667;63.605;1.202429307
18;212;17;283.8333333;24.52666667;67.28833333;1.007151095
19;212;18;235.3833333;22.81833333;70.05166667;0.831998021
20;212;19;127.5196667;21.51833333;72.95166667;0.694262267
21;212;20;0.449666667;19.875;79.65166667;0.472032402
22;212;21;0;18.75833333;85.89833333;0.305164292
23;212;22;0;17.14333333;86.8;0.258059976
24;212;23;0;16.57166667;90.7;0.175339227
25;213;0;0;16.19833333;88.61666667;0.209575811
26;213;1;0;16.31166667;89.08333333;0.202441324
27;213;2;0;16.14333333;90.66666667;0.171231987
28;213;3;0;16.26333333;89.98333333;0.185180251
29;213;4;0.514166667;16.18166667;91.13333333;0.163068645
30;213;5;77.549;17.38166667;88.1;0.236177959
31;213;6;226.45;19.66666667;80.14333333;0.454714367
32;213;7;286.15;21.30333333;70.81833333;0.739224144
33;213;8;503.15;23.03833333;68.86333333;0.876604467
34;213;9;434.8833333;23.88833333;67.82833333;0.953351094
35;213;10;353.9166667;24.38166667;68.65;0.956892138
36;213;11;698.7;24.98333333;63.36833333;1.159000932
37;213;12;455.1333333;25.84166667;58.77666667;1.37247343
38;213;13;497.3333333;26.67333333;60.92;1.366545751
39;213;14;446.55;27.00833333;61.12;1.386568365
40;213;15;416.6;26.37;58.52666667;1.424564758
41;213;16;352.0166667;25.66666667;59.40333333;1.337673855
42;213;17;305.65;24.23166667;60.83833333;1.184638429
43;213;18;235.9666667;23.075;63.01666667;1.043518898
44;213;19;124.1891667;21.32833333;74.51166667;0.646655156
45;213;20;0.256833333;20.10166667;78.76;0.499679507
46;213;21;0;19.19666667;88.11833333;0.264252206
47;213;22;0;18.53333333;87.31666667;0.270634901
48;213;23;0;18.34333333;90.07666667;0.20923658
49;214;0;0;17.805;88.58333333;0.232717032
50;214;1;0;18.27;90.46666667;0.200090826
51;214;2;0;17.59166667;89.38333333;0.213519708
52;214;3;0;18.41166667;89.61666667;0.219875698
53;214;4;0.449666667;18.55333333;86.66666667;0.28486096
54;214;5;73.23783333;18.91;84.23333333;0.34444321
55;214;6;219.4;20.215;77.88166667;0.524001379
56;214;7;260.4;21.75;72.00833333;0.728721139
57;214;8;532.8666667;23.40833333;65.09166667;1.004992498
58;214;9;424.7833333;23.925;66.38833333;0.99821894
59;214;10;535.3333333;24.65333333;63.58166667;1.129793057
60;214;11;663.05;24.99333333;58.91166667;1.300781449
61;214;12;453.1166667;25.91666667;57.30166667;1.427903705
62;214;13;481.4;26.96666667;55.185;1.594324609
63;214;14;426.2833333;26.46666667;55.18833333;1.548025452
64;214;15;267.1833333;26.03833333;58.76333333;1.388978402
65;214;16;188.05;25.84333333;72.825;0.904842998
66;214;17;169.3166667;24.69;72.55833333;0.853179066
67;214;18;162.5;23.24;77.35;0.645492633
68;214;19;104.3783333;21.31666667;76.11333333;0.605586826
69;214;20;-0.128333333;19.98666667;83.32833333;0.389426542
70;214;21;-0.064166667;19.45;86.84666667;0.297182639
71;214;22;0;18.56666667;88.75;0.24055213
72;214;23;0;18.22166667;88.7;0.236452327
73;215;0;0;18.21666667;90.28333333;0.203257302
74;215;1;0;17.90333333;89.28333333;0.219804574
75;215;2;0;18.42833333;88.58333333;0.242010027
76;215;3;0;18.75166667;87.03333333;0.280485651
77;215;4;0.192666667;18.78166667;87.53333333;0.270176101
78;215;5;66.48383333;19.26833333;86.56666667;0.30009808
79;215;6;228.4;20.3;79.55;0.4870279
80;215;7;245.7833333;21.12333333;79.23166667;0.520324234
81;215;8;298.15;22.22833333;75.55666667;0.655172399
82;215;9;341.8666667;23.675;75.77333333;0.708765952
83;215;10;421.1166667;24.12;73.465;0.797327812
84;215;11;352.8833333;26.385;75.17666667;0.853409217
85;215;12;498.3;28.175;70.86333333;1.112363401
86;215;13;553.25;28.71333333;69.42333333;1.20438114
87;215;14;466.3166667;28.12333333;69.09166667;1.176460701
88;215;15;354.4833333;27.56666667;71.01333333;1.068089439
89;215;16;205.9166667;26.85166667;76.94833333;0.814561162
90;215;17;210.5833333;25.20833333;78.05;0.703846047
91;215;18;165.5833333;24.58166667;78.04833333;0.678089538
92;215;19;105.4308333;23.08166667;77.10666667;0.646216892
93;215;20;0;22.265;82.48166667;0.470605146
94;215;21;0;20.49333333;87.73166667;0.295683785
95;215;22;-0.064166667;19.71666667;88.03333333;0.27488618
96;215;23;-0.256666667;18.38166667;90.83333333;0.19374711
97;216;0;0;18.19166667;88.21666667;0.246102178
98;216;1;0;18.37833333;89.95;0.212372905
99;216;2;0;18.02833333;88.78333333;0.23187556
100;216;3;0;18.40333333;89.8;0.215880682
101;216;4;0.064166667;18.275;89.55;0.219399143
102;216;5;56.5345;18.80166667;89.08333333;0.236880538
103;216;6;171.2333333;21.64666667;79.92;0.519463108
104;216;7;212.7166667;22.865;78.37666667;0.602420254
105;216;8;230.2666667;24.38333333;78.13;0.667601865
106;216;9;282;24.69666667;81.05;0.589402234
107;216;10;300.4833333;26.57666667;82.53333333;0.607309088
108;216;11;289.4833333;27.39333333;81.39166667;0.678760621
109;216;12;294.5166667;28.01;80.26;0.746422375
110;216;13;366.8333333;28.99333333;79.82333333;0.807714821
111;216;14;250.2166667;28.61833333;82.78333333;0.674423503
112;216;15;217.25;27.46833333;80.80166667;0.703359442
113;216;16;193.1333333;26.09666667;78.01333333;0.74313564
114;216;17;173.7666667;25.165;75.755;0.775436051
115;216;18;170.2833333;23.64333333;77.015;0.671160052
116;216;19;109.3593333;23.03;84.85;0.426309843
117;216;20;0;21.71666667;82.25;0.461154888
118;216;21;0;20.12166667;84.1;0.374516836
119;216;22;0;19.05666667;84.81666667;0.334748831
120;216;23;0;17.77833333;82.93333333;0.347302737
121;217;0;0;17.36833333;83.65;0.324223353
122;217;1;-0.1925;16.97833333;83.48333333;0.319543737
123;217;2;-0.320833333;16.88666667;84.96666667;0.289160577
124;217;3;-0.320833333;16.66;83.71666667;0.3087293
125;217;4;-0.1925;16.75;82.48333333;0.334017068
126;217;5;54.6185;16.80333333;82.26666667;0.33929538
127;217;6;171.9666667;18.35166667;80.56666667;0.409972064
128;217;7;186.3166667;19.94666667;80.28333333;0.459414207
129;217;8;208.65;21.76666667;77.18;0.594689459
130;217;9;256.3333333;22.87166667;77.38666667;0.630255721
131;217;10;258.7333333;23.745;78.94666667;0.618527126
132;217;11;267.4166667;24.47666667;77.02666667;0.705208672
133;217;12;349.5333333;25.90333333;77.45833333;0.75323674
134;217;13;264.45;26.01333333;80.95333333;0.640603418
135;217;14;270.2333333;25.705;76.13666667;0.788092894
136;217;15;282.2333333;25.8;75.75166667;0.805325804
137;217;16;239.4666667;26.49;79.70333333;0.702115497
138;217;17;200.5333333;25.44;77.84166667;0.720374293
139;217;18;179;24.29;75.93833333;0.730411937
140;217;19;111.3545;22.76333333;77.085;0.634486647
141;217;20;0;20.79333333;80.68333333;0.474240765
142;217;21;0;19.41166667;81.01666667;0.427882957
143;217;22;0;18.30333333;81.7;0.384894447
144;217;23;0;17.41166667;81.18333333;0.374160692
145;218;0;0;16.93166667;80.69666667;0.372353501
146;218;1;-0.064166667;17.05;80.68333333;0.375415517
147;218;2;-0.1925;16.93333333;80.98333333;0.366862582
148;218;3;-0.1925;16.87833333;80.69;0.3712244
149;218;4;0.1285;16.64;80.08833333;0.377042414
150;218;5;69.833;16.85833333;74.77;0.484418251
151;218;6;209.2833333;18.75666667;75.02666667;0.540374122
152;218;7;252.1666667;22.18;70.08666667;0.799433977
153;218;8;312.2166667;24.54;60.57833333;1.214711311
154;218;9;447.65;25.36333333;60.00333333;1.294397788
155;218;10;608.75;26.11666667;56.01;1.488592002
156;218;11;355.7333333;27.69833333;58.24333333;1.550507129
157;218;12;303.3833333;27.85;63.18833333;1.379034226
158;218;13;369.0666667;28.55666667;61.88333333;1.487805309
159;218;14;376.6;28.05166667;56.985;1.630462361
160;218;15;345.9333333;26.64666667;58.525;1.448020973
161;218;16;366.3333333;26.67166667;55.12;1.569205786
162;218;17;296.5833333;24.96833333;55.10833333;1.419073026
163;218;18;231.9;23.87833333;58.59;1.226376
164;218;19;120.8945;22.75333333;70.795;0.808158745
165;218;20;0.064166667;21.58;79.465;0.529073205
166;218;21;0;20.61166667;78.06166667;0.532614667
167;218;22;0;19.07333333;77.20666667;0.50304995
168;218;23;-0.256666667;18.06333333;81.485;0.383592621
169;219;0;-0.320833333;17.24333333;78.48666667;0.423255256
170;219;1;-0.064166667;16.735;77.25166667;0.433364291
171;219;2;0;16.43833333;76.78;0.434084765
172;219;3;-0.064166667;16.325;75.98666667;0.44568754
173;219;4;0.192666667;16.81666667;74.30666667;0.492011799
174;219;5;65.79533333;16.54166667;75.32333333;0.464359264
175;219;6;212.3166667;19.005;73.14833333;0.590097407
176;219;7;240.9166667;23.11333333;66.55;0.94601182
177;219;8;278.4833333;24.71666667;56.68333333;1.348888683
178;219;9;448.1;24.83;57.29833333;1.338759869
179;219;10;687.35;25.315;56.15333333;1.414925221
180;219;11;421.2833333;25.15333333;60.825;1.252077979
181;219;12;419.8333333;26.60666667;57.56;1.478229378
182;219;13;464.5166667;28.10333333;56.42166667;1.656788839
183;219;14;412;27.565;51.80333333;1.775759168
184;219;15;347.2833333;25.985;54.76833333;1.518747188
185;219;16;294.3666667;25.60333333;56.11833333;1.440497722
186;219;17;284.4166667;24.5;57.09166667;1.318989151
187;219;18;229.4666667;23.08666667;61.80333333;1.078514503
188;219;19;118.9946667;22.41166667;69.81666667;0.818094065
189;219;20;0;21.62166667;84.45;0.40165925
190;219;21;0;20.83833333;83.31666667;0.410725463
191;219;22;-0.1925;19.80666667;81.55;0.426186856
192;219;23;-0.256666667;17.84666667;81.82166667;0.371520013
193;220;0;0;17.66333333;81.21666667;0.379476688
194;220;1;-0.128333333;17.25833333;81.2;0.370223947
195;220;2;0;16.93333333;81.46666667;0.357538292
196;220;3;0;16.84333333;81.825;0.348629686
197;220;4;0.1285;16.76166667;80.88166667;0.364828637
198;220;5;67.08533333;16.85666667;79.03166667;0.402551305
199;220;6;215.9166667;19.525;76.17333333;0.540847948
200;220;7;247.8166667;22.015;70.25833333;0.786898696
201;220;8;269.7333333;23.17666667;60.32666667;1.126317566
202;220;9;463.1833333;24.98;57.575;1.342031529
203;220;10;649.45;26.17333333;54.85166667;1.532909726
204;220;11;405.2666667;26.42666667;54.07;1.582923936
205;220;12;420.6666667;27.60833333;52.62166667;1.750032047
206;220;13;457.55;28.3;50.88166667;1.888885263
207;220;14;422.3;27.39666667;52.04166667;1.749677135
208;220;15;339.5166667;26.13333333;55.22333333;1.516704369
209;220;16;285.1666667;26.08833333;50.06333333;1.686997603
210;220;17;248.1833333;24.87666667;50.94;1.542389026
211;220;18;221.9;23.605;55.73166667;1.289652403
212;220;19;118.5851667;22.60833333;64.82666667;0.964794724
213;220;20;-0.128333333;21.85166667;79.33333333;0.54137513
214;220;21;-0.320833333;20.92;78.05833333;0.542898874
215;220;22;-0.256666667;19.86;78.35;0.501761352
216;220;23;-0.320833333;18.445;82.39833333;0.373509264
217;221;0;-0.128333333;18.015;80.32833333;0.406320095
218;221;1;-0.064166667;17.55;79.92;0.402783722
219;221;2;0;17.18333333;80.78333333;0.376638065
220;221;3;0;17.24333333;80.77;0.378332751
221;221;4;0.192666667;17.18833333;79.17833333;0.408224483
222;221;5;66.42183333;17.43833333;77.29166667;0.452305823
223;221;6;219.1166667;19.99333333;73.70666667;0.614428584
224;221;7;253.5833333;22.62666667;68.29666667;0.87058123
225;221;8;266.7833333;24.12166667;56.97666667;1.292901027
226;221;9;461.2;25.185;54.15;1.468181709
227;221;10;574.1;26.05333333;51.45333333;1.636651828
228;221;11;398.4333333;26.87;51.18166667;1.72691875
229;221;12;425.2666667;29.32333333;49.14833333;2.074846154
230;221;13;462.7833333;29.94333333;50.81666667;2.07962436
231;221;14;434.4166667;29.16833333;51.51166667;1.960808351
232;221;15;363.65;28.62666667;50.1;1.955662484
233;221;16;321.3166667;27.98666667;48.83833333;1.931933463
234;221;17;264.9833333;26.05166667;51.89;1.621770782
235;221;18;238.2;24.13;55.55666667;1.336241206
236;221;19;115.2448333;22.83833333;62.1;1.054180258
237;221;20;-0.064166667;21.85833333;80.44166667;0.51255016
238;221;21;-0.320833333;21.54;86.1;0.357251004
239;221;22;-0.385;20.955;82.4;0.436411399
240;221;23;-0.064166667;19.24333333;81.09833333;0.421602855
241;222;0;-0.064166667;19.05333333;80.43333333;0.431299065
242;222;1;-0.256666667;18.68333333;80.7;0.415703947
243;222;2;0;18.16666667;80.55;0.405588104
244;222;3;0;17.74333333;80.68333333;0.392224017
245;222;4;0.128333333;17.31166667;80.93333333;0.37674365
246;222;5;66.6815;17.48166667;81.11666667;0.377149779
247;222;6;215.7166667;20.41333333;75.265;0.593213145
248;222;7;252.2;23.16833333;67.16833333;0.931615046
249;222;8;271.8666667;23.50166667;58.47;1.202371507
250;222;9;460.15;24.99166667;54.01833333;1.455550918
251;222;10;655.6833333;26.33833333;50.96333333;1.681215693
252;222;11;393.8666667;27.13833333;52.03666667;1.723592862
253;222;12;431.8;28.375;52.085;1.850653453
254;222;13;457.0333333;29.74666667;51.66166667;2.020943156
255;222;14;429.4166667;28.91833333;51.85166667;1.919141577
256;222;15;341.4333333;28.60833333;51.80833333;1.886704453
257;222;16;306.3166667;28.00333333;49.57666667;1.905901654
258;222;17;262.5;26.08;50.03833333;1.687011481
259;222;18;232.4666667;24.43;53.77166667;1.415108196
260;222;19;118.5996667;22.71;61.92;1.050983308
261;222;20;-0.128333333;22.105;77.19;0.606820169
262;222;21;-0.1925;21.35833333;81.76666667;0.463442134
263;222;22;-0.128333333;20.64666667;78.87333333;0.514016187
264;222;23;-0.320833333;19.255;77.69166667;0.497950351
265;223;0;-0.1925;18.79833333;78.27;0.471420653
266;223;1;-0.1925;18.285;78.77833333;0.445831333
267;223;2;-0.064166667;17.83333333;79.13833333;0.426002959
268;223;3;0;17.38833333;79.53166667;0.406403842
269;223;4;0.064166667;17.16666667;82.25;0.347525323
270;223;5;66.81316667;17.42333333;79.89166667;0.400139636
271;223;6;217.25;20.27166667;73.935;0.619666844
272;223;7;256.25;22.895;66.79666667;0.926717458
273;223;8;273.1666667;23.88833333;57.08;1.27185916
274;223;9;411.35;24.97166667;52.34333333;1.506776798
275;223;10;662.2;26.26333333;49.57166667;1.72129819
276;223;11;383.75;27.27333333;51.81;1.745486239
277;223;12;423.95;28.52833333;51.38833333;1.894341085
278;223;13;463.2666667;29.41166667;52.935;1.930143244
279;223;14;424.4166667;29.37333333;49.11;2.0824027
280;223;15;362.6;28.92;49.34666667;2.019182805
281;223;16;337.8666667;28.06833333;48.38833333;1.958213233
282;223;17;275.0666667;26.305;51.81666667;1.648715398
283;223;18;207.65;24.38;57.02166667;1.311691467
284;223;19;114.1545;22.715;62.88;1.024798479
285;223;20;-0.1925;21.98;78.54166667;0.566530171
286;223;21;-0.256666667;21.52666667;81.01166667;0.487630989
287;223;22;-0.385;20.925;80.54666667;0.481478405
288;223;23;-0.256666667;19.355;79.65833333;0.456886519
289;224;0;-0.320833333;19.13333333;78.59833333;0.474105673
290;224;1;-0.128333333;18.50833333;78.29;0.462519819
291;224;2;0;17.89666667;78.32333333;0.444413579
292;224;3;0;17.55333333;78.505;0.431257829
293;224;4;0.064166667;17.25333333;79.03833333;0.412662627
294;224;5;62.76466667;17.415;78.10333333;0.435496747
295;224;6;225.1;20.48333333;71.66;0.682612087
296;224;7;310.9833333;23.10666667;64.485;1.004008279
297;224;8;313.2666667;23.645;55.05333333;1.312570509
298;224;9;395.4833333;24.51;52.055;1.474696195
299;224;10;583.6666667;26.24666667;48.80166667;1.745863494
300;224;11;399.1833333;27.44166667;49.77666667;1.837139979
301;224;12;430.3;28.99666667;52.22166667;1.913036639
302;224;13;400.3833333;29.57833333;50.49833333;2.049644667
303;224;14;531.2833333;29.45166667;49.21;2.087710677
304;224;15;305.1333333;28.48;52.74;1.836512325
305;224;16;284.9666667;27.755;58.18833333;1.55769085
306;224;17;276.5833333;26.21;57.48166667;1.446741775
307;224;18;229.2333333;24.57166667;60.83333333;1.209140143
308;224;19;114.0426667;22.985;67.27666667;0.918307892
309;224;20;-0.320833333;21.89833333;82.31666667;0.464545715
310;224;21;-0.128333333;21.45666667;80.81666667;0.490533121
311;224;22;-0.128333333;20.91833333;79.48;0.507670815
312;224;23;-0.256666667;19.335;81.67833333;0.411004312
313;225;0;-0.128166667;19.17166667;82.91666667;0.37934775
314;225;1;-0.320833333;19.21333333;81.8;0.405194441
315;225;2;-0.256666667;18.62666667;81.56666667;0.395631887
316;225;3;-0.1925;18.12666667;82.56666667;0.362622754
317;225;4;0.064166667;17.86333333;82.45;0.359054924
318;225;5;64.82433333;17.70333333;82.35833333;0.357311505
319;225;6;216.9;20.3;75.69;0.578955905
320;225;7;351.3666667;22.86;68.045;0.889988243
321;225;8;294.2833333;23.92333333;58.55833333;1.230635679
322;225;9;408.9;25.36333333;54.40833333;1.475466767
323;225;10;594;25.75333333;52.24833333;1.581532791
324;225;11;402.8;27.63333333;49.95;1.851417104
325;225;12;455.3666667;29.54333333;56.01666667;1.817490707
326;225;13;330.6666667;30.52666667;55.26;1.955995398
327;225;14;235.2166667;29.005;62.29166667;1.510562737
328;225;15;350.6166667;28.38;57.355;1.64758489
329;225;16;368.5833333;27.84333333;56.61166667;1.624776999
330;225;17;262.9666667;26.29666667;60.285;1.358282094
331;225;18;224.9166667;24.55166667;63.15666667;1.136056289
332;225;19;112.7926667;23.21666667;71.695;0.805516461
333;225;20;0;21.935;74.15666667;0.680430927
334;225;21;0;20.60166667;74.865;0.609846889
335;225;22;-0.128333333;19.89833333;76.135;0.554411503
336;225;23;-0.320833333;19.00833333;81.83333333;0.399317196
337;226;0;-0.320833333;18.80333333;81.28333333;0.406174881
338;226;1;-0.320833333;18.67833333;79.51166667;0.441161562
339;226;2;-0.320833333;18.01666667;80.88333333;0.394897893
340;226;3;-0.1925;17.48;80.34333333;0.392553972
341;226;4;0;17.29333333;79.97333333;0.395254188
342;226;5;60.46033333;17.675;78.925;0.42608811
343;226;6;223.8166667;20.63;72.68666667;0.66385722
344;226;7;253.75;22.89666667;68.29166667;0.885080734
345;226;8;337.6333333;23.71;67.73666667;0.945873136
346;226;9;333.4166667;25.145;64.91;1.120960783
347;226;10;653.15;26.35333333;56.105;1.506265802
348;226;11;406.2333333;27.65666667;50.68333333;1.82677685
349;226;12;366.6833333;29.63333333;50.27333333;2.06548556
350;226;13;324.3666667;29.67166667;49.76166667;2.09134355
351;226;14;204.7333333;26.595;69.02833333;1.078035066
352;226;15;281.3833333;24.77833333;76.78166667;0.725688751
353;226;16;84.07833333;25.435;77.58833333;0.728394
354;226;17;163.85;24.945;80.25;0.623451006
355;226;18;165.4666667;24.85166667;83.65;0.513259232
356;226;19;110.3926667;23.23666667;86.43333333;0.386552816
357;226;20;0;21.775;85.85;0.368936832
358;226;21;0;20.66333333;83.38333333;0.404702141
359;226;22;-0.256666667;19.56666667;82.9;0.389163501
360;226;23;-0.385;18.685;82.21666667;0.383076292
361;227;0;-0.1925;17.935;81.6;0.378146481
362;227;1;0;17.49;81.76666667;0.364359199
363;227;2;0;17.30166667;83.73333333;0.321214532
364;227;3;-0.064166667;17.22333333;81.535;0.362822784
365;227;4;0.064166667;17.44333333;79.23333333;0.413762227
366;227;5;62.19133333;17.43;78.965;0.418755837
367;227;6;206.0333333;19.51;78.145;0.49563041
368;227;7;266.85;21.97;76.32333333;0.624716339
369;227;8;364.7833333;23.45666667;74.06166667;0.748929843
370;227;9;323.7666667;24.61833333;74.51833333;0.788857878
371;227;10;363.9333333;26.77833333;70.42166667;1.04069643
372;227;11;499.5833333;27.975;63.87833333;1.363076445
373;227;12;410.15;29.51;55.56833333;1.832497563
374;227;13;325.0333333;30.40166667;53.295;2.027366899
375;227;14;340.6833333;30.315;58.135;1.80828568
376;227;15;330.85;29.075;64.35166667;1.433827486
377;227;16;248.55;28.54;71.35833333;1.116888387
378;227;17;234.7333333;26.41;72.02833333;0.963064639
379;227;18;173.6833333;24.98666667;74.90666667;0.794093605
380;227;19;111.2975;23.15;80.27333333;0.559134509
381;227;20;0;22.28166667;82.48333333;0.471037615
382;227;21;0;21.56833333;81.9;0.466004168
383;227;22;0;20.95166667;82.83333333;0.425579247
384;227;23;-0.256666667;19.30666667;84.01666667;0.357917582
385;228;0;-0.385;19.205;86.26666667;0.305592466
386;228;1;-0.385;19.25666667;85.25;0.329272912
387;228;2;-0.385;19.24833333;85.46666667;0.324267845
388;228;3;-0.385;19.17833333;85.9;0.313230747
389;228;4;-0.064166667;19.00833333;86.11666667;0.305166261
390;228;5;58.2775;19.075;85.68333333;0.316002349
391;228;6;215.6333333;21.16833333;80.81;0.48211031
392;228;7;413.3666667;22.72833333;68.85833333;0.860445432
393;228;8;320.6166667;23.67166667;56.82;1.263003968
394;228;9;481.2166667;24.95666667;53.43333333;1.470998695
395;228;10;410.0833333;25.64333333;52.27166667;1.570491353
396;228;11;459.2;27.745;55.12833333;1.670716072
397;228;12;474.9833333;29.29333333;51.06833333;1.993056253
398;228;13;385.0333333;29.54166667;52.855;1.947951058
399;228;14;363.2166667;29.35;49.09333333;2.080285422
400;228;15;340.8333333;28.33166667;50.12666667;1.921450409
401;228;16;356.3166667;27.86;48.9;1.915418173
402;228;17;259;26.48;53.52;1.606919731
403;228;18;196.0333333;24.69833333;62.255;1.174100319
404;228;19;111.8426667;22.70333333;68.65166667;0.864844098
405;228;20;-0.128333333;21.93;81.66833333;0.482508589
406;228;21;-0.128333333;20.95;79.395;0.510766742
407;228;22;-0.320833333;19.8;78.72333333;0.49127852
408;228;23;-0.320833333;18.945;78.945;0.460979689
409;229;0;-0.385;18.29666667;79.64;0.428042328
410;229;1;-0.1925;17.7;79.94666667;0.406071704
411;229;2;0;17.19666667;81.3;0.366820974
412;229;3;0;17.22;81.78333333;0.357867759
413;229;4;0.064166667;17.175;79.20333333;0.407390469
414;229;5;61.22583333;17.33833333;76.46;0.465918173
415;229;6;201.85;19.59;72.635;0.623678507
416;229;7;459.2833333;22.32166667;64.79166667;0.949086797
417;229;8;261.6;24.44;55.19833333;1.372256759
418;229;9;410.9166667;24.71333333;52.71666667;1.472118441
419;229;10;560.65;25.95666667;48.85166667;1.714536964
420;229;11;390.5;26.995;52.57;1.690162469
421;229;12;372.8166667;29.55166667;51.05333333;2.023557092
422;229;13;466.7666667;29.85166667;51.23666667;2.051045145
423;229;14;407.5833333;30.03833333;50.505;2.104237757
424;229;15;294.0166667;28.55333333;54.54833333;1.773769026
425;229;16;272.8;28.45166667;62.18833333;1.46693887
426;229;17;233.05;26.55;64.39333333;1.236088038
427;229;18;196.3;24.93333333;68.73333333;0.98631328
428;229;19;109.6308333;23.075;73.45666667;0.748944658
429;229;20;0;22.26666667;76.11333333;0.64174643
430;229;21;0;21.19666667;74.25;0.648042386
431;229;22;0;20.33;71.69833333;0.675269388
432;229;23;-0.128333333;19.615;72.15333333;0.635642168
433;230;0;-0.256666667;18.87;73.925;0.568221153
434;230;1;-0.385;17.75166667;75.43833333;0.498985391
435;230;2;-0.128333333;17.29;75.55166667;0.482420264
436;230;3;-0.064166667;17.21166667;76.30333333;0.465277411
437;230;4;0.064166667;17.205;75.77333333;0.475483224
438;230;5;66.50583333;17.46166667;74.755;0.50357271
439;230;6;207.5;20.15833333;70.41833333;0.698363451
440;230;7;229.2666667;22.14666667;68.495;0.840264573
441;230;8;217.3833333;23.095;70.11166667;0.844346995
442;230;9;295.4833333;24.05333333;69.075;0.925530905
443;230;10;470.2666667;26.045;66.08833333;1.142699841
444;230;11;329.3833333;26.45833333;59.69666667;1.391601166
445;230;12;309.05;26.83666667;56.08333333;1.550486956
446;230;13;397.5;28.75833333;51.89833333;1.899614725
447;230;14;435.2;29.785;48.45666667;2.159690201
448;230;15;299.3;29.08;49.845;2.017889203
449;230;16;367.25;28.01833333;54.875;1.707125354
450;230;17;227.6833333;26.48;60.41833333;1.368428596
451;230;18;192.1166667;24.71833333;67.71166667;1.005564462
452;230;19;110.5141667;23.20833333;74.21;0.733574233
453;230;20;0;21.87;76.04833333;0.628129817
454;230;21;0;20.36666667;78.04333333;0.525066741
455;230;22;-0.128333333;19.16666667;78.62333333;0.474536469
456;230;23;-0.320833333;18.46833333;79.39833333;0.437809124
457;231;0;-0.1925;17.77833333;79.59666667;0.415203135
458;231;1;-0.128333333;17.47166667;80.22;0.394809235
459;231;2;-0.128333333;17.42833333;80.24;0.393332274
460;231;3;-0.128333333;17.27333333;81.61666667;0.362362189
461;231;4;-0.064166667;17.28166667;82.63333333;0.342502641
462;231;5;60.1415;17.565;81.71666667;0.367091723
463;231;6;213.0833333;20.01666667;75.105;0.58259284
464;231;7;267.3166667;22.295;71.47666667;0.767638152
465;231;8;276.6166667;23.555;69.53;0.885002377
466;231;9;333.45;24.55833333;64.325;1.100469364
467;231;10;371.9666667;26.295;55.43666667;1.523948837
468;231;11;374.1166667;27.05666667;50.95;1.75422451
469;231;12;443.65;29.68833333;47.69833333;2.179324178
470;231;13;423.0833333;29.61166667;51.65;2.005802023
471;231;14;342.8666667;29.33;48.11666667;2.117753853
472;231;15;315.7833333;28.525;51.70833333;1.881507299
473;231;16;337.4666667;27.69;49.875;1.860334863
474;231;17;195.5333333;26.65666667;54.505;1.589306206
475;231;18;180.5;25.08666667;65.29;1.104979017
476;231;19;109.3475;23.18833333;71.33166667;0.814461633
477;231;20;0;21.11666667;73.47666667;0.664236659
478;231;21;-0.128333333;19.58;76.25333333;0.540876709
479;231;22;-0.385;18.60666667;77.73333333;0.477308456
480;231;23;-0.128333333;17.52;77.85333333;0.443398685
481;232;0;0;17.23833333;79.55666667;0.402076803
482;232;1;0;17.23666667;80.24666667;0.38846502
483;232;2;0;17.29666667;79.19166667;0.410768027
484;232;3;0;17.195;79.33666667;0.405291166
485;232;4;0;17.145;80.54166667;0.380450515
486;232;5;56.79216667;17.47833333;77.99833333;0.439338626
487;232;6;195.75;19.20833333;74.24833333;0.57314194
488;232;7;227.75;20.735;72.04166667;0.683941675
489;232;8;341.5666667;23.26666667;60.13166667;1.138020949
490;232;9;425.65;24.35833333;55.21666667;1.365008517
491;232;10;423.3333333;25.47666667;50.39166667;1.616296147
492;232;11;360.5;26.945;53.915;1.637422424
493;232;12;393.0333333;29.34833333;49.24833333;2.07375218
494;232;13;468.95;29.33166667;50.94;2.002704521
495;232;14;410.0166667;28.55;51.39166667;1.896592576
496;232;15;305.8;28.83166667;50.15166667;1.976966486
497;232;16;332.35;28.24;48.65166667;1.96776946
498;232;17;221.0833333;26.07666667;59.06666667;1.381887571
499;232;18;194.4;24.76333333;67.25833333;1.022424938
500;232;19;108.2141667;23.24;72.28166667;0.789932891
501;232;20;-0.064166667;21.79333333;74.10333333;0.67596706
502;232;21;-0.256666667;19.9;74.99166667;0.581032444
503;232;22;-0.320833333;18.70166667;75.64666667;0.525149742
504;232;23;-0.128333333;17.74166667;76.61166667;0.474849156
505;233;0;0;17.25333333;76.78833333;0.456957336
506;233;1;0;17.26666667;79.28833333;0.408084947
507;233;2;0;17.36666667;80.46666667;0.387308618
508;233;3;0;17.57166667;81.01666667;0.381306621
509;233;4;0;17.645;81.55;0.372311832
510;233;5;56.0945;18.045;80.88833333;0.395498365
511;233;6;201.1;20.25;75.305;0.586311311
512;233;7;243.2833333;22.28833333;71.52833333;0.765937078
513;233;8;245.0333333;23.575;70.12;0.868911696
514;233;9;371.15;24.425;66.71;1.018744552
515;233;10;516.7833333;26.20166667;51.91833333;1.635236999
516;233;11;351.1833333;27.115;50.69833333;1.769265519
517;233;12;361.85;28.99833333;50.39;1.986567597
518;233;13;401.9166667;29.94;48.26666667;2.187027943
519;233;14;384.9833333;27.42;56.33;1.595400337
520;233;15;305.45;28.57166667;53.03166667;1.834906864
521;233;16;341.5666667;28.17333333;48.31;1.973200739
522;233;17;219.7166667;26.39666667;50.37166667;1.707361713
523;233;18;191.55;24.49666667;54.96166667;1.384188801
524;233;19;110.1808333;22.71166667;64.38833333;0.98295821
525;233;20;-0.256666667;21.83666667;82.25833333;0.464327872
526;233;21;-0.385;21.53833333;86.31666667;0.351646493
527;233;22;-0.1925;20.75;85.85;0.346469619
528;233;23;0;19.23666667;82.37333333;0.393000724
529;234;0;0;19.39;88.15;0.266738482
530;234;1;0;19.37166667;84.46666667;0.34925027
531;234;2;0;19.39666667;82.53333333;0.393330321
532;234;3;0;19.325;81.05;0.424835088
533;234;4;0;18.51833333;81.58333333;0.392602911
534;234;5;58.52016667;18.02666667;81.40833333;0.384294338
535;234;6;199.7166667;20.45833333;75.43;0.590894108
536;234;7;631.5666667;23.09333333;62.13333333;1.069627583
537;234;8;257.8333333;24.06;54.985;1.347758786
538;234;9;351.35;24.69166667;52.65666667;1.472081157
539;234;10;436.0333333;26.19;48.70833333;1.743206926
540;234;11;356.0666667;27.08;52.92666667;1.685835885
541;234;12;365.4333333;30.26;46.51166667;2.303074281
542;234;13;406.7833333;29.00833333;52.555;1.900971178
543;234;14;397.6833333;30.995;44.99166667;2.47001767
544;234;15;311.1166667;26.87833333;53.39;1.649607331
545;234;16;371.05;27.42;51.15166667;1.78458089
546;234;17;220.4166667;26.25666667;49.24333333;1.731824112
547;234;18;187.05;24.53166667;52.93833333;1.449402701
548;234;19;107.5333333;22.45;62.82;1.010082268
549;234;20;0;21.77;80.56333333;0.506622855
550;234;21;-0.256666667;21.44;84.86666667;0.386576822
551;234;22;-0.064166667;20.835;82.33333333;0.434844905
552;234;23;0;19.235;79.525;0.456459234
553;235;0;0;19.02666667;81.75833333;0.401424545
554;235;1;0;18.935;80.85;0.419009879
555;235;2;0;18.58666667;81.11666667;0.404276973
556;235;3;0;18.43666667;81.68333333;0.388478745
557;235;4;0;18.63333333;82.4;0.377903769
558;235;5;59.42266667;18.86666667;81.76166667;0.397363365
559;235;6;222.8833333;21.59166667;76.11333333;0.615866263
560;235;7;255.75;22.72166667;74.14333333;0.714132066
561;235;8;277.1333333;23.67166667;68.82333333;0.911909535
562;235;9;295.9333333;24.77666667;65.17666667;1.088294672
563;235;10;479.85;26.11166667;58.565;1.40171853
564;235;11;230.8666667;27.42666667;55.78;1.616123465
565;235;12;189;26.81;60.61333333;1.388377778
566;235;13;234.6166667;26.38666667;66.995;1.134800787
567;235;14;183.9;26.04333333;70.97166667;0.978052937
568;235;15;197.8833333;25.49833333;73.43;0.866794707
569;235;16;206.4333333;25.625;73.45;0.872673613
570;235;17;199.5166667;25.62;70.115;0.982000821
571;235;18;199.2166667;24.83333333;72.55666667;0.860559805
572;235;19;110.7833333;23.05833333;77.54333333;0.632997507
573;235;20;0;21.58833333;77.22166667;0.587170592
574;235;21;-0.064166667;19.76166667;78.71666667;0.490265752
575;235;22;-0.320833333;18.75333333;79.85666667;0.435771561
576;235;23;-0.320833333;18.45333333;82.3;0.375792063
577;236;0;-0.064166667;18.25;83.51666667;0.345527351
578;236;1;-0.064166667;18.15;83.88333333;0.335727017
579;236;2;0;18.13166667;84.16666667;0.329445337
580;236;3;0;18.05333333;84.58333333;0.319200876
581;236;4;0;17.785;84.86666667;0.308089182
582;236;5;55.3755;17.725;83.91666667;0.32619433
583;236;6;217.4;20.07666667;77.57833333;0.526663603
584;236;7;317.9833333;22.21833333;69.80333333;0.808890851
585;236;8;408.8333333;23.26833333;56.93166667;1.229486969
586;236;9;442.4666667;24.55833333;58.68333333;1.274498273
587;236;10;432.45;26.13666667;59.84;1.360593422
588;236;11;381.5166667;27.88;57.65666667;1.589036847
589;236;12;380.3666667;29.63666667;50.21;2.068512737
590;236;13;269.1833333;29.40333333;47.45833333;2.153708005
591;236;14;268.1666667;29.36;47.60333333;2.142408208
592;236;15;255.7;28.89;49.66666667;2.00294887
593;236;16;259.95;28.445;48.83;1.984420048
594;236;17;194.1333333;26.86;53.77833333;1.63410334
595;236;18;184.0833333;25.075;60.49666667;1.256699823
596;236;19;104.6;23.14666667;65.60833333;0.974604375
597;236;20;0;22.07333333;69.08333333;0.820899035
598;236;21;-0.064166667;20.59;73.27666667;0.647918475
599;236;22;-0.1925;19.52;74.61833333;0.575966359
600;236;23;-0.256666667;18.59333333;76.07166667;0.51250015
601;237;0;-0.128333333;18.05;76.91833333;0.477803993
602;237;1;0;17.82833333;77.305;0.463294442
603;237;2;-0.064166667;17.72333333;78.01166667;0.445909832
604;237;3;0;17.56833333;78.87166667;0.42430269
605;237;4;0;17.28166667;79.73166667;0.39972885
606;237;5;56.46833333;17.41166667;77.68166667;0.44378971
607;237;6;202.7666667;19.59833333;71.42333333;0.651630837
608;237;7;212.9833333;21.49;67.145;0.841844083
609;237;8;258.7;22.89166667;63.45833333;1.019685825
610;237;9;427.7166667;24.05666667;58.225;1.250502392
611;237;10;467.4833333;26.295;48.66333333;1.755579029
612;237;11;538.0833333;27.04166667;51.56833333;1.730587452
613;237;12;359.7666667;29.63166667;47.88333333;2.164550966
614;237;13;407.7166667;30.23833333;49.275;2.181384582
615;237;14;332.5833333;29.125;49.915;2.020315718
616;237;15;297.9333333;28.31;50.85666667;1.890944791
617;237;16;266.7166667;28.05;48.97166667;1.934016195
618;237;17;223.3833333;25.985;50.52666667;1.661169959
619;237;18;173.3833333;25.05333333;53.85333333;1.466148457
620;237;19;107.1166667;23.15333333;59.48666667;1.148545019
621;237;20;0;21.26333333;66.73166667;0.840683295
622;237;21;-0.256666667;19.48;70.81833333;0.660552831
623;237;22;-0.064166667;17.985;71.74333333;0.582544216
624;237;23;0;17.16666667;74.885;0.491723858
625;238;0;0;16.91666667;79.25;0.399878605
626;238;1;-0.064166667;17.125;76.86333333;0.451797151
627;238;2;-0.064166667;16.86;77.67833333;0.428623309
628;238;3;-0.064166667;17.14833333;75.26166667;0.483787458
629;238;4;-0.320833333;16.74833333;85.35166667;0.279292613
630;238;5;58.56766667;17.3;83.03166667;0.335034897
631;238;6;222.9166667;18.50833333;74.21666667;0.549299985
632;238;7;510.9166667;21.86666667;58.82;1.079721352
633;238;8;455.8;23.62666667;50.67833333;1.438744509
634;238;9;287.9;24.35666667;50.06166667;1.521982517
635;238;10;486.45;25.75833333;49.07666667;1.687077713
636;238;11;493.65;27.545;50.81333333;1.810118589
637;238;12;381.6;28.14166667;54.39;1.73790098
638;238;13;412.8333333;31.145;46.48666667;2.423484431
639;238;14;379.2;28.445;50.77;1.909185049
640;238;15;357.3;27.94;51.55333333;1.824446073
641;238;16;337.4833333;28.23666667;51.79833333;1.846825162
642;238;17;256.6;26.05833333;56.58333333;1.464136834
643;238;18;184.3166667;24.89;62.30666667;1.185976657
644;238;19;106.0383333;23.30333333;66.47666667;0.959026018
645;238;20;-0.385;21.50833333;71.53833333;0.730092158
646;238;21;-0.256666667;20.47;70.62666667;0.706919961
647;238;22;0;19.74;71.07;0.66551331
648;238;23;0;18.87166667;72.78666667;0.593089209
649;239;0;0;18.71833333;73.96166667;0.562070128
650;239;1;0;18.32666667;75.42333333;0.51766536
651;239;2;0;17.31;75.87666667;0.476609537
652;239;3;0;16.845;75.81333333;0.463993492
653;239;4;0;17.375;78.35333333;0.429438033
654;239;5;58.15166667;16.95166667;80.34;0.379714621
655;239;6;236.25;19.30833333;71.59166667;0.636218771
656;239;7;509.95;22.29333333;60.27333333;1.069041054
657;239;8;460.25;23.86666667;50.88166667;1.453642561
658;239;9;283.4333333;24.14666667;54.35166667;1.373843112
659;239;10;453.9666667;25.77333333;49.01166667;1.69073228
660;239;11;666.25;26.045;49.14333333;1.713684717
661;239;12;336.5833333;28.69166667;48.27333333;2.034901169
662;239;13;389.95;25.86666667;49.84;1.672479778
663;239;14;365.35;29.97833333;48.87;2.166281095
664;239;15;300.8166667;27.445;55.41333333;1.631271927
665;239;16;352.0333333;26.485;56.03833333;1.520302827
666;239;17;211.5166667;25.905;51.23333333;1.629713866
667;239;18;182.8;23.91333333;52.44833333;1.411228069
668;239;19;107.4666667;22.85333333;59.505;1.127383163
669;239;20;0;21.01833333;70.88;0.724877136
670;239;21;-0.064166667;19.55833333;80.72833333;0.438359555
671;239;22;0;18.73333333;79.07;0.452224222
672;239;23;0;18.44166667;76.325;0.502281138
673;240;0;0;17.67333333;78.20833333;0.440531181
674;240;1;0;16.84666667;82.66166667;0.332651237
675;240;2;0;16.92;77.38666667;0.435879504
676;240;3;0;16.83833333;81.56166667;0.353568714
677;240;4;0;16.38;83.44666667;0.308308078
678;240;5;57.51116667;16.88833333;81.62166667;0.353537778
679;240;6;238.8;19.13;71.94;0.62147692
680;240;7;477.15;22.3;58.695;1.111964563
681;240;8;417.7333333;23.475;51.27333333;1.408463559
682;240;9;334.95;23.85;52.41833333;1.406755908
683;240;10;431.65;25.74833333;49.55166667;1.67035156
684;240;11;639.05;27.11166667;51.94333333;1.724249873
685;240;12;376.5333333;29.31333333;49.21166667;2.07106773
686;240;13;398.7333333;29.96166667;48.75166667;2.169219578
687;240;14;398.1666667;29.02833333;51.37166667;1.950636431
688;240;15;372.15;29.16166667;48.10333333;2.097829804
689;240;16;385.05;27.97333333;49.09833333;1.920623697
690;240;17;232.5666667;25.7;52.71833333;1.561027057
691;240;18;179.9666667;24.78166667;55.44166667;1.392947213
692;240;19;107;22.80333333;62.41166667;1.043297403
693;240;20;0;21.11166667;69.38166667;0.766554478
694;240;21;0;19.6;76.04666667;0.546261965
695;240;22;0;18.48833333;76.755;0.494602242
696;240;23;0;17.42333333;78.18;0.434200424
697;241;0;0;17.03;75.085;0.483604881
698;241;1;0;16.69333333;77.48;0.427880633
699;241;2;0;16.58833333;77.89333333;0.417233919
700;241;3;0;16.42;77.82166667;0.414127822
701;241;4;0;16.46833333;80.85833333;0.358526509
702;241;5;55.57333333;17.48;76.39333333;0.471437549
703;241;6;205.9833333;19.085;74.28;0.568054659
704;241;7;611.8166667;22.415;60.15833333;1.080093847
705;241;8;509.8666667;23.65833333;51.54333333;1.416208409
706;241;9;284.2666667;24.63666667;49.22166667;1.573710979
707;241;10;457.5666667;25.86833333;50.89833333;1.637353343
708;241;11;461.7;27.71166667;49.95;1.859901427
709;241;12;351.2333333;28.41666667;51.03166667;1.895917298
710;241;13;457.5833333;29.78166667;50.90166667;2.056849621
711;241;14;393.85;30.05166667;48.165;2.20540622
712;241;15;317.95;28.39166667;51.15833333;1.888270929
713;241;16;207.35;28.375;58.98333333;1.584214458
714;241;17;191.6;26.66833333;58.32166667;1.456975528
715;241;18;160.8333333;24.695;60.88833333;1.216369923
716;241;19;106.1;22.76166667;70.49666667;0.816826563
717;241;20;0;21.35;76.59166667;0.594673041
718;241;21;0;20.55666667;77.79;0.53738578
719;241;22;0;19.97333333;79.33;0.48242356
720;241;23;0;18.785;82.69;0.375218389
721;242;0;0;18.57;84.56666667;0.330070748
722;242;1;0;18.74;83.61666667;0.354134186
723;242;2;0;18.74333333;83.93333333;0.347361645
724;242;3;0;18.77166667;84.46666667;0.336426223
725;242;4;0;18.385;83.86666667;0.341066174
726;242;5;52.9975;17.765;81.52833333;0.37557861
727;242;6;165.7666667;19.15;76.12;0.52955727
728;242;7;182.4666667;20.51833333;74.04166667;0.626596824
729;242;8;236.1;22.13833333;72.29333333;0.738585042
730;242;9;279.5666667;23.78166667;69.87;0.887144808
731;242;10;364.05;25.12666667;64.22833333;1.141490945
732;242;11;224.4166667;25.05833333;58.57166667;1.316631856
733;242;12;244.95;24.41;63.42166667;1.118370411
734;242;13;252.6333333;25.31333333;65.12666667;1.125245684
735;242;14;305.45;26.29166667;64.725;1.206075119
736;242;15;243.5333333;26.96166667;64.76166667;1.253260304
737;242;16;201.4833333;25.76166667;67.23;1.085876501
738;242;17;199.7;25.22333333;68.45833333;1.012313832
739;242;18;168.5333333;24.595;70.39;0.91538532
740;242;19;104.405;22.825;69.55166667;0.846230188
741;242;20;-0.385;20.77333333;71.87833333;0.689562046
742;242;21;0;19.52333333;75.22166667;0.562391848
743;242;22;0;18.725;77.9;0.477255136
744;242;23;0;18.05166667;78.33;0.448628658
745;243;0;0;17.55;78.48666667;0.431534884
746;243;1;0;16.86333333;77.82;0.425993081
747;243;2;0;16.725;76.12666667;0.454507239
748;243;3;0;16.81166667;75.39833333;0.470957578
749;243;4;0;16.855;78.00833333;0.42215268
750;243;5;52.36166667;17.08;78.89833333;0.410886624
751;243;6;161.7166667;18.82333333;75.835;0.525066138
752;243;7;174.85;20.18333333;73.55166667;0.625357495
753;243;8;204.2166667;21.61666667;70.55;0.760466241
754;243;9;259.0333333;23.405;67.42;0.937772519
755;243;10;262.2833333;24.08333333;63.91;1.082055858
756;243;11;511.5833333;27.68166667;54.06666667;1.703936803
757;243;12;361.3833333;29.3;49.59166667;2.053992368
758;243;13;266.7;28.91;49.97833333;1.992850131
759;243;14;202.2;27.01833333;57.80166667;1.505792339
760;243;15;305.15;26.85333333;60.995;1.378428237
761;243;16;376.7166667;27.53;55.40833333;1.639580415
762;243;17;199.65;26.27;55.525;1.518686924
763;243;18;166.1;24.47166667;60.67166667;1.206894511
764;243;19;105.755;22.565;63.19666667;1.006854433
765;243;20;-0.1925;19.95;72.78166667;0.634340005
766;243;21;-0.064166667;18.46166667;79.80166667;0.429058597
767;243;22;0;16.82833333;84.005;0.306521427
768;243;23;0;16.735;82.40333333;0.335223107
769;244;0;0;16.77666667;82.19166667;0.340154119
770;244;1;0;16.40833333;81.85833333;0.338501128
771;244;2;0;16.24333333;85.5;0.267723059
772;244;3;0;17.16;76.52333333;0.459453213
773;244;4;0;16.79;79.955;0.383200523
774;244;5;55.68783333;17.06;79.69833333;0.394808795
775;244;6;182.3833333;18.13166667;77.68;0.46441389
776;244;7;187.3;19.99666667;63.83333333;0.845325289
777;244;8;267.95;21.87166667;57.68666667;1.109775341
778;244;9;358.6833333;24.06166667;52.61333333;1.418908861
779;244;10;392.5;26.25333333;48.60833333;1.753145592
780;244;11;483.65;27.92;48.36333333;1.942313537
781;244;12;399.2666667;28.82166667;51.95333333;1.904410791
782;244;13;323.5166667;29.14;49.395;2.04305976
783;244;14;261.8833333;27.34666667;51.85;1.751538965
784;244;15;239.95;26.90166667;49.69;1.782997661
785;244;16;203.0166667;26.495;47.43666667;1.81884051
786;244;17;191.3333333;25.76;49.265;1.681004182
787;244;18;166.1333333;23.9;53.545;1.377577774
788;244;19;105.555;22.575;56.33166667;1.195390192
789;244;20;-0.256666667;20.31166667;73.15166667;0.639868531
790;244;21;0;19.17666667;74.40333333;0.568569544
791;244;22;0;18.035;74.495;0.527470875
792;244;23;0;17.39;74.415;0.508050022
793;245;0;0;17.21333333;75.6;0.479137681
794;245;1;0;16.91;76.57166667;0.451302628
795;245;2;0;16.70666667;75.25833333;0.470490665
796;245;3;0;16.89166667;74.81;0.484673961
797;245;4;0;16.84166667;76.035;0.45964385
798;245;5;52.0975;16.95666667;75.55666667;0.472249919
799;245;6;170.4166667;18.51666667;76.61666667;0.498429321
800;245;7;203.55;20.03333333;70.48166667;0.691500995
801;245;8;218.3666667;21.7;67.29166667;0.848915989
802;245;9;232.1833333;23.16833333;62.71166667;1.058075203
803;245;10;311.2833333;24.24166667;60.75333333;1.187921161
804;245;11;406.4666667;27.125;50.99666667;1.7595904
805;245;12;350.6833333;28.77;50.725;1.94726631
806;245;13;432.1333333;29.53666667;50.40833333;2.048453587
807;245;14;377.1;30.18333333;49.19333333;2.178025874
808;245;15;293.9166667;28.98833333;55.58166667;1.77764649
809;245;16;298.85;28.14;60.94333333;1.48805174
810;245;17;201.2833333;26.45;63.16666667;1.271164175
811;245;18;168.45;24.73833333;62;1.184858034
812;245;19;105.0383333;22.745;64.86333333;0.971808539
813;245;20;0;20.41666667;73.48333333;0.636073208
814;245;21;0;19.195;73.55333333;0.588121576
815;245;22;0;18.44333333;74.98666667;0.530730205
816;245;23;0;17.70166667;75.64833333;0.493162973
817;246;0;0;17.52;76.335;0.473797255
818;246;1;0;17.15333333;76.77666667;0.454303588
819;246;2;0;16.89666667;77.01666667;0.442356341
820;246;3;0;16.88666667;76.46833333;0.452622858
821;246;4;0;16.85833333;76.69166667;0.44752208
822;246;5;55.31183333;17.01166667;76.14833333;0.462427916
823;246;6;182.8333333;18.61333333;76.675;0.500203523
824;246;7;239.4666667;21.03166667;66.555;0.833220284
825;246;8;444.3;23.21166667;60.61333333;1.120545173
826;246;9;376.1833333;23.92;57.78666667;1.253299874
827;246;10;384.5833333;25.41666667;51.31;1.580735729
828;246;11;369.15;27.97166667;49.555;1.903207998
829;246;12;412.1666667;28.925;50.96166667;1.955369636
830;246;13;285.1333333;28.73333333;48.86666667;2.016419511
831;246;14;400.8;29.085;49.15166667;2.046374946
832;246;15;269.3;28.615;48;2.036587493
833;246;16;246.4333333;27.92666667;49.87;1.886372753
834;246;17;253.1833333;26.47833333;53.405;1.610737423
835;246;18;182.4166667;24.52666667;56.825;1.329303975
836;246;19;104.0333333;22.53166667;59.97;1.092915306
837;246;20;0;19.15166667;78.89333333;0.468105093
838;246;21;0;18.06666667;84.06833333;0.33014043
839;246;22;0;17.46833333;83.97;0.319891823
840;246;23;0;16.79666667;79.47666667;0.392510885
841;247;0;0;16.485;80.44166667;0.366719452
842;247;1;0;16.74;79.90666667;0.382907099
843;247;2;0;16.63833333;78.19833333;0.412787265
844;247;3;0;16.62666667;78.45833333;0.40756219
845;247;4;0;16.66333333;78.53833333;0.406995832
846;247;5;55.44016667;16.70833333;79.535;0.389206229
847;247;6;188.05;18.23333333;78.355;0.453253056
848;247;7;515.0166667;21.47833333;61.3;0.99090292
849;247;8;574.9833333;23.15;52.46166667;1.347431023
850;247;9;301.2666667;24.13333333;51.09166667;1.470780622
851;247;10;371.85;26.27;50.50833333;1.689990939
852;247;11;647;27.425;52.12333333;1.749594387
853;247;12;358.1833333;28.84333333;49.38666667;2.00866151
854;247;13;354.2833333;28.86166667;54.65666667;1.80142372
855;247;14;369.4833333;29.64833333;48.31166667;2.148819761
856;247;15;394.2333333;28.33833333;51.49333333;1.869521077
857;247;16;302.35;28.09166667;51.37833333;1.847275183
858;247;17;208.9833333;26.82166667;48.06666667;1.831902192
859;247;18;175.9833333;25.05833333;50.76;1.564894056
860;247;19;105.4333333;23.20833333;57.49;1.209160164
861;247;20;0;20.665;72.885;0.660458871
862;247;21;0;19.775;74.52666667;0.587268593
863;247;22;0;18.99;78.29166667;0.476620297
864;247;23;0;19.01833333;73.52;0.582413792
865;248;0;0;19.16166667;72.695;0.605949592
866;248;1;0;18.73833333;73.30333333;0.577002078
867;248;2;0;18.09333333;73.71166667;0.545667712
868;248;3;0;17.70666667;74.14166667;0.523840592
869;248;4;0;17.02666667;75.35833333;0.47819843
870;248;5;55.50666667;17.02;79.73;0.393195352
871;248;6;195.3666667;18.76666667;75.97;0.520287315
872;248;7;589.6666667;21.87;60.49666667;1.03597056
873;248;8;701.5666667;23.96333333;49.35833333;1.507451629
874;248;9;299.8666667;23.68166667;53.11666667;1.372150881
875;248;10;315.0166667;26.32333333;48.85166667;1.752063609
876;248;11;587.3333333;27.895;48.89666667;1.919454268
877;248;12;335.3666667;28.14166667;54.99;1.715038875
878;248;13;384.9833333;30.90166667;46.01833333;2.411067705
879;248;14;342.6666667;28.42666667;51.37666667;1.883652799
880;248;15;415.3666667;28.39333333;51.02;1.893802265
881;248;16;292.8833333;27.83;50.11166667;1.866733082
882;248;17;198.8166667;26.61666667;52.765;1.646212532
883;248;18;172.3166667;24.19833333;60.41833333;1.194954247
884;248;19;103.9236667;23.24333333;72.06333333;0.796315307
885;248;20;0.771;22.07833333;73.36;0.707560491
886;248;21;0.771;20.68166667;72.88;0.661258961
887;248;22;0.771;19.41;74.155;0.582484054
888;248;23;0.771;18.945;73.60166667;0.577967014
889;249;0;0.771;18.16833333;74.83166667;0.52488663
890;249;1;0.578;17.47;75.33;0.492361931
891;249;2;0.642333333;16.93166667;75.39833333;0.47455621
892;249;3;0.449333333;16.65666667;75.19166667;0.470262274
893;249;4;0.578;16.57833333;74.88166667;0.473773809
894;249;5;54.92333333;16.66166667;84.89166667;0.286481831
895;249;6;188.4333333;18.82333333;77.79166667;0.482550955
896;249;7;532.45;22.24166667;62.41;1.008369691
897;249;8;663.15;23.67;52.125;1.400191092
898;249;9;275.0166667;24.58333333;50.145;1.54018013
899;249;10;350.7166667;25.68833333;50.86333333;1.621149786
900;249;11;555.9333333;26.9;53.775;1.638064056
901;249;12;349.2;28.94166667;49.845;2.001823984
902;249;13;346.9666667;29.76166667;50.30833333;2.079315143
903;249;14;299.95;29.15833333;52.08833333;1.936370736
904;249;15;290.9833333;29.27333333;56.965;1.750856237
905;249;16;204.2166667;28.61833333;54.90666667;1.766428103
906;249;17;197.45;26.65;58.91833333;1.434569737
907;249;18;159.6833333;24.91166667;64.12166667;1.130328696
908;249;19;104.55;23.03666667;68.27833333;0.892984239
909;249;20;0;21.54333333;75.13666667;0.639155537
910;249;21;0;20.58333333;79.15333333;0.505228627
911;249;22;0;19.92833333;80.53333333;0.453074294
912;249;23;0;18.78666667;78.83666667;0.458792543
913;250;0;0;17.965;78.94;0.433630785
914;250;1;0;17.94;80.66833333;0.39741855
915;250;2;0;18.285;81.78333333;0.382701364
916;250;3;0;18.12833333;81.6;0.382770012
917;250;4;0;17.95333333;80.63333333;0.398472125
918;250;5;52.75;18.06666667;79.35333333;0.427845972
919;250;6;165.2833333;20.01333333;74.19666667;0.60372509
920;250;7;181.7666667;21.26666667;70.30166667;0.750623551
921;250;8;320.9166667;22.89166667;67.72166667;0.900718603
922;250;9;349.3833333;24.28333333;62.86833333;1.126712738
923;250;10;395.5666667;26.385;54.29666667;1.571249332
924;250;11;405.2;28.03666667;49.215;1.923300478
925;250;12;379.8;29.01833333;48.08833333;2.081138558
926;250;13;191.65;26.90166667;50.31166667;1.760965655
927;250;14;195.7666667;24.77333333;60.91166667;1.221341014
928;250;15;246.4833333;24.26;66.41833333;1.01756944
929;250;16;192.1166667;24;67.73333333;0.962598982
930;250;17;167.1166667;22.89166667;68.5;0.878999411
931;250;18;158.6;22.105;69.50333333;0.811310497
932;250;19;105.1191667;21.505;70.855;0.747468414
933;250;20;0;19.74333333;75.33166667;0.56759415
934;250;21;0;18.78333333;78.62166667;0.463356927
935;250;22;0;18.16;80.755;0.401145303
936;250;23;0;17.53666667;81.2;0.376791126
937;251;0;0;17.03166667;81.76666667;0.353949834
938;251;1;0;16.955;82.31666667;0.34160932
939;251;2;0;16.82333333;78.88333333;0.40454251
940;251;3;0;16.76666667;77.79833333;0.423801345
941;251;4;0;16.685;77.53333333;0.426641385
942;251;5;52.61416667;16.91166667;76.75666667;0.447786277
943;251;6;168.1166667;18.74333333;74.20833333;0.557616334
944;251;7;185.1666667;19.845;70.18666667;0.690313128
945;251;8;258.1833333;21.92;62.59833333;0.983850699
946;251;9;325.8666667;23.55333333;58.01;1.219478829
947;251;10;329;25.62833333;55.26;1.470852472
948;251;11;374.8166667;26.22833333;55.23666667;1.524779614
949;251;12;387.1166667;27.34333333;51.42;1.766836314
950;251;13;285.5166667;26.595;48.17333333;1.803937922
951;251;14;267.0833333;26.16333333;49.76833333;1.704496268
952;251;15;239.2833333;25.87;52.26666667;1.591881623
953;251;16;204.8833333;25.50166667;54.51;1.484316557
954;251;17;183.2166667;24.14333333;56.88666667;1.297289866
955;251;18;165.2666667;23.32166667;58.58333333;1.186147628
956;251;19;105.1691667;22.445;60.21833333;1.080434495
957;251;20;-0.1925;20.14666667;75.43;0.579629867
958;251;21;0;19.12;72.965;0.598402009
959;251;22;0;18.39333333;74.11166667;0.54757737
960;251;23;0;17.86;75.15333333;0.508230567
961;252;0;0;17.46666667;75.72833333;0.484310088
962;252;1;0;17.28833333;75.88833333;0.475726945
963;252;2;0;16.91;78.31333333;0.417752707
964;252;3;0;16.46833333;81.44833333;0.347475714
965;252;4;0;16.93833333;84.55666667;0.298021602
966;252;5;54.21416667;16.64333333;88.00333333;0.22721405
967;252;6;184.2;18.17833333;83.325;0.347976235
968;252;7;498.4833333;21.565;60.46666667;1.017621166
969;252;8;889.5666667;23.67833333;51.50333333;1.419084234
970;252;9;298.1666667;24.255;50.36166667;1.5036575
971;252;10;386.8;25.25166667;52.84;1.516128215
972;252;11;636.7333333;28.45833333;46.76666667;2.06603586
973;252;12;332.9166667;29.4;48.12166667;2.126109308
974;252;13;376.8333333;29.77833333;51.145;2.046263892
975;252;14;331.5166667;29.595;52.27666667;1.977907454
976;252;15;503.45;28.545;49.63666667;1.964499268
977;252;16;283.4333333;28.16333333;54.34666667;1.741745463
978;252;17;196.85;26.835;53.96333333;1.625174885
979;252;18;169.4666667;25.085;55.29333333;1.42307773
980;252;19;105.3166667;23.29666667;62.41166667;1.074883889
981;252;20;0;21.23;71.74166667;0.712623983
982;252;21;0;19.30833333;72.25666667;0.621325764
983;252;22;0;17.79833333;74.02333333;0.529285439
984;252;23;0;17.18666667;78.68833333;0.41778724
985;253;0;0;17.14333333;73.76166667;0.512959368
986;253;1;0;17.74;76.48333333;0.477404553
987;253;2;0;17.14333333;80.945;0.372525215
988;253;3;0;16.61166667;79.47833333;0.387894086
989;253;4;0;17.49;80.98166667;0.380045962
990;253;5;53.2475;17.45833333;81.11166667;0.376694296
991;253;6;183.2333333;18.32;79.545;0.430669415
992;253;7;461.1833333;21.79166667;61.14;1.014238928
993;253;8;761.1666667;23.305;53.61;1.327245443
994;253;9;315.85;24.01166667;51.65666667;1.443218148
995;253;10;381.2666667;25.76166667;50.17833333;1.650905617
996;253;11;643.8;27.40833333;50.69666667;1.79997493
997;253;12;408.25;29.36;50.05333333;2.042231986
998;253;13;372.5666667;29.93166667;49.45166667;2.135910415
999;253;14;331.3833333;28.50166667;54.15;1.783960842
1000;253;15;508.05;28.3;51.24166667;1.875041171
1001;253;16;289.2;28.13;53.515;1.770040024
1002;253;17;205.9666667;26.52;60.70166667;1.361837163
1003;253;18;169.1;24.47;67.68166667;0.991675167
1004;253;19;25.95;23.13333333;72.16833333;0.78806946
1005;253;20;0;20.94;75.02;0.618835983
1006;253;21;0;19.50666667;76.085;0.542235023
1007;253;22;0;18.46666667;76.615;0.496906276
1008;253;23;0;17.61;76.66;0.469951257
1009;254;0;0;17.425;75.54666667;0.486652861
1010;254;1;0;16.89166667;75.62666667;0.468960699
1011;254;2;0;16.89333333;76.23;0.457400473
1012;254;3;0;16.78833333;75.67666667;0.464940288
1013;254;4;0;16.86833333;79.86166667;0.386903162
1014;254;5;133.8;17.215;83.09666667;0.33196221
1015;254;6;186.2666667;18.72833333;78.81666667;0.457554827
1016;254;7;449.1833333;21.71166667;62.245;0.980596393
1017;254;8;718.0333333;23.525;52.015;1.391210129
1018;254;9;335.1333333;24.515;49.675;1.548363205
1019;254;10;359.7666667;25.37333333;50.87666667;1.590705369
1020;254;11;493.5666667;27.81;49.35;1.893024638
1021;254;12;493.25;29.48;48.17166667;2.133869887
1022;254;13;387.4833333;30.14833333;50.86333333;2.102215722
1023;254;14;357.4833333;29.14166667;50.96;1.980067
1024;254;15;480.1333333;26.97333333;59.865;1.428389035
1025;254;16;300.9333333;28.39333333;52.25333333;1.84611567
1026;254;17;229.8;26.23333333;54.315;1.556633675
1027;254;18;165.0333333;24.85;56.02833333;1.380221466
1028;254;19;26.33333333;23.12333333;61.68333333;1.084302834
1029;254;20;0;22.16833333;70.935;0.776210864
1030;254;21;0;20.84333333;72.48166667;0.677679689
1031;254;22;0;19.08333333;74.37;0.566008094
1032;254;23;0;18.095;74.545;0.528425518
1033;255;0;0;17.35666667;75.185;0.491723143
1034;255;1;0;17.13166667;75.65166667;0.475658461
1035;255;2;0;17.48166667;75.62666667;0.486799503
1036;255;3;0;17.60166667;76.06166667;0.481745448
1037;255;4;0.192666667;17.58;77.325;0.45569837
1038;255;5;52.16666667;17.73666667;77.47;0.457278496
1039;255;6;186.75;19.14333333;76.50166667;0.520877091
1040;255;7;374.7666667;21.74166667;64.54166667;0.922634972
1041;255;8;515.3166667;23.24;54.54166667;1.29549754
1042;255;9;358.9333333;24.22833333;50.23;1.505239325
1043;255;10;331.1333333;25.42666667;53.60333333;1.50717654
1044;255;11;384.2666667;28.02;47.665;1.980079209
1045;255;12;338.2;29.22166667;52.40666667;1.930547746
1046;255;13;370.9;30.11666667;47.76;2.230934113
1047;255;14;343.9;28.56666667;52.20666667;1.866595896
1048;255;15;407.55;28.27666667;52.52666667;1.823152304
1049;255;16;290.1833333;27.92833333;53.83166667;1.737465436
1050;255;17;193.0333333;26.06;63.72166667;1.223531862
1051;255;18;159.4;24.42166667;66.735;1.017776513
1052;255;19;25.68333333;22.65;69.48666667;0.839090162
1053;255;20;0;21.97666667;72.00166667;0.739045178
1054;255;21;0;21.085;73.51833333;0.661905502
1055;255;22;0;19.48;75.465;0.555371422
1056;255;23;0;18.66;76.23166667;0.511201087
1057;256;0;0;18.06;76.375;0.489358762
1058;256;1;0;17.735;75.755;0.492035197
1059;256;2;0;17.49;75.49666667;0.489653468
1060;256;3;0;17.26;75.05166667;0.491353406
1061;256;4;0;17.09;73.89833333;0.508567393
1062;256;5;53.13333333;16.97833333;74.15833333;0.499952133
1063;256;6;181.25;18.6;78.04833333;0.470359844
1064;256;7;287.3833333;21.25666667;66.235;0.852885339
1065;256;8;383;23.26166667;58.09833333;1.195700484
1066;256;9;365.4833333;23.90833333;51.42833333;1.441066584
1067;256;10;294.0833333;25.23;51.58666667;1.55441749
1068;256;11;508.2333333;26.51166667;56.07833333;1.521306654
1069;256;12;534.2833333;28.98666667;51.70166667;1.932740083
1070;256;13;395.25;29.235;53.15666667;1.901587287
1071;256;14;347.8;29.04;52.28;1.915490934
1072;256;15;461.6;27.28;56.77666667;1.566200135
1073;256;16;292.8833333;28.28166667;50.865;1.887514732
1074;256;17;214.7666667;25.93833333;59.52333333;1.355343157
1075;256;18;166.55;24.495;69.385;0.940814505
1076;256;19;26.2;22.80666667;75.39666667;0.68302515
1077;256;20;0;21.95166667;80.72833333;0.507920978
1078;256;21;0;21.21666667;79.18666667;0.524445633
1079;256;22;0;20.49666667;77.175;0.550227122
1080;256;23;0;18.61166667;79.795;0.433250084
1081;257;0;0;18.56666667;79.815;0.431603978
1082;257;1;0;18.47;78.94;0.447595964
1083;257;2;0;17.925;77.945;0.452976939
1084;257;3;0;17.425;77.67666667;0.444263115
1085;257;4;0;16.98666667;77.545;0.434660664
1086;257;5;53.83333333;16.89;76.02666667;0.461215651
1087;257;6;187.85;18.91666667;77.27833333;0.496590802
1088;257;7;340.4833333;21.65833333;66.44333333;0.868719282
1089;257;8;379.05;22.82666667;56.84333333;1.199545481
1090;257;9;359.3166667;24.40166667;51.36166667;1.486359604
1091;257;10;333.55;24.65166667;55.40666667;1.383265496
1092;257;11;466.75;27.26166667;51.48833333;1.75593751
1093;257;12;519.5;28.41166667;51.67666667;1.870401805
1094;257;13;374.5;29.34666667;53.09666667;1.916322223
1095;257;14;333.1;28.85333333;52.08;1.902873332
1096;257;15;421.95;28.00166667;54.18;1.731736763
1097;257;16;285.75;28.13;51.17833333;1.859014822
1098;257;17;217.75;26.17166667;56.79333333;1.466840488
1099;257;18;167;24.54833333;64.855;1.083472666
1100;257;19;26.08333333;22.915;76.84;0.647187228
1101;257;20;-0.064166667;21.90833333;76.355;0.621539223
1102;257;21;0;21.19666667;74.20666667;0.649132943
1103;257;22;0;20.44833333;73.78333333;0.630106688
1104;257;23;0;18.74333333;74.51833333;0.550914128
1105;258;0;0;17.94666667;74.19333333;0.530753503
1106;258;1;0;17.26833333;74.89833333;0.494633878
1107;258;2;0;16.715;79.6;0.388134361
1108;258;3;0;16.455;80.82666667;0.358815041
1109;258;4;0;16.795;82.01833333;0.343864867
1110;258;5;52.95;16.39833333;86.5;0.251733027
1111;258;6;178.3333333;18.55666667;79.48333333;0.43842128
1112;258;7;404.5;21.41666667;62.05333333;0.967953468
1113;258;8;430.2666667;23.425;54.65;1.306915119
1114;258;9;354.1;24.01;51.03666667;1.461581122
1115;258;10;326.9833333;25.54833333;50.61833333;1.615766847
1116;258;11;474.2333333;27.47666667;51.22333333;1.787876314
1117;258;12;486.3166667;28.72666667;52.40666667;1.876096865
1118;258;13;357.0333333;29.06;53.585;1.865261672
1119;258;14;323.9333333;29.60333333;50.16333333;2.066485608
1120;258;15;439.9;28.03;53.32166667;1.767089275
1121;258;16;277.2833333;27.53833333;48.95166667;1.877898198
1122;258;17;211.6;26.39333333;55.59166667;1.527478146
1123;258;18;165.5833333;24.58666667;64.65833333;1.092034407
1124;258;19;25.43333333;22.84166667;77.44833333;0.627396335
1125;258;20;0;21.94166667;75.33;0.649802257
1126;258;21;0;21.235;71.70333333;0.713809472
1127;258;22;0;20.185;74.48666667;0.603312042
1128;258;23;0;18.79333333;74.68666667;0.548987599
1129;259;0;0;17.74833333;77.36833333;0.459679713
1130;259;1;0;17.29333333;74.37833333;0.505679314
1131;259;2;0;16.925;78.00166667;0.42415963
1132;259;3;0;16.785;74.905;0.479589203
1133;259;4;0;16.695;74.845;0.47799631
1134;259;5;53.11666667;16.85333333;76.73166667;0.446612385
1135;259;6;186.7;18.91;80.48;0.426439628
1136;259;7;345.9833333;22.03666667;63.44333333;0.968486375
1137;259;8;423.4166667;23.29666667;53.73166667;1.323098995
1138;259;9;358.3666667;23.935;52.29166667;1.41772111
1139;259;10;312.9833333;25.75833333;52.085;1.587412357
1140;259;11;614.65;27.81;49.015;1.905545136
1141;259;12;513.75;29.02666667;50.73666667;1.975918017
1142;259;13;342.2166667;28.18333333;54.89333333;1.722891763
1143;259;14;340.3;30.71833333;48.53;2.274982896
1144;259;15;423.2;28.05;52.88833333;1.785571277
1145;259;16;252.25;27.89833333;49.865;1.883449208
1146;259;17;195.6166667;25.945;55.945;1.475743756
1147;259;18;160.3;24.285;62.92;1.125257292
1148;259;19;25.5;22.86333333;74.09333333;0.721679942
1149;259;20;0;21.845;82.15;0.467400759
1150;259;21;0;21.305;77.95666667;0.558454343
1151;259;22;0;20.58333333;76.40333333;0.571876152
1152;259;23;0;18.73166667;78.76;0.458874427
1153;260;0;0;18.51833333;79.545;0.436055704
1154;260;1;0;18.44833333;77.13666667;0.485263735
1155;260;2;0;18.08333333;76.88166667;0.479566518
1156;260;3;0;17.72666667;76.5;0.476665604
1157;260;4;0;17.49333333;76.43166667;0.471068346
1158;260;5;52.61666667;17.33666667;75.86166667;0.477710431
1159;260;6;175.9;18.95333333;78.93666667;0.461402042
1160;260;7;252.8;21.75333333;65.785;0.890917638
1161;260;8;425.2333333;23.62;56.92833333;1.255923928
1162;260;9;359.1833333;24.48833333;50.96166667;1.506372292
1163;260;10;337.65;25.51;52.12;1.563073767
1164;260;11;433;26.97833333;54.02833333;1.636593804
1165;260;12;525.55;28.125;53.01166667;1.788685484
1166;260;13;365.2;30.55666667;49.40166667;2.215911031
1167;260;14;357.9833333;26.595;61.05833333;1.355447953
1168;260;15;437.2833333;30.49;46.08833333;2.35204015
1169;260;16;330.9333333;27.93;50.45833333;1.864596034
1170;260;17;221.8166667;26.065;50.19833333;1.680119344
1171;260;18;161.8833333;24.38333333;59.83;1.226226196
1172;260;19;26.71666667;22.61333333;69.90333333;0.825793612
1173;260;20;-0.064166667;21.74;73.735;0.68335251
1174;260;21;-0.064166667;20.91333333;75.09;0.616091341
1175;260;22;0;20.15166667;75.65;0.574617468
1176;260;23;0;18.75166667;74.18166667;0.558483705
1177;261;0;0;17.985;78.30833333;0.447199066
1178;261;1;0;17.815;73.79833333;0.534430495
1179;261;2;0;17.69333333;73.54333333;0.535511508
1180;261;3;0;17.685;73.23166667;0.541535472
1181;261;4;0;17.37166667;78.995;0.416620554
1182;261;5;53.18333333;17.19;77.30166667;0.445064882
1183;261;6;168.8833333;18.89666667;77.075;0.500409528
1184;261;7;203.1666667;21.28;65.74;0.866627343
1185;261;8;271.2833333;23.415;61.49;1.109128296
1186;261;9;362.3;24.69666667;56.59833333;1.349922918
1187;261;10;330.8833333;25.915;50.58333333;1.652413106
1188;261;11;454.7833333;27.36166667;50.65166667;1.796706539
1189;261;12;472.1833333;29.11333333;49.75333333;2.025472205
1190;261;13;331.8833333;29.17;51.92666667;1.944213268
1191;261;14;335.75;29.23166667;52.22333333;1.939102698
1192;261;15;450.4333333;27.80333333;53.665;1.731080097
1193;261;16;233.1;28.25666667;55.32166667;1.71382107
1194;261;17;192.05;26.63333333;60.75;1.36926493
1195;261;18;161.2833333;24.95833333;58.4;1.31423671
1196;261;19;26.14083333;23.225;63.38666667;1.042483167
1197;261;20;-0.256666667;21.49166667;78.28;0.556588596
1198;261;21;0;20.345;73.79666667;0.625783032
1199;261;22;0;20.07333333;72.88833333;0.636695927
1200;261;23;0;19.225;75.04333333;0.556024871
1201;262;0;0;19.31166667;75.75666667;0.543054165
1202;262;1;0;19.285;75.91833333;0.538538241
1203;262;2;0;18.94;75.42833333;0.537805987
1204;262;3;0;17.53833333;75.31333333;0.494824216
1205;262;4;0;17.375;77.95333333;0.437373444
1206;262;5;52.23083333;17.165;80.68833333;0.378061146
1207;262;6;179.15;18.84166667;76.76833333;0.505364743
1208;262;7;282.35;21.48833333;64.79166667;0.902051573
1209;262;8;456.3333333;23.115;56.87;1.219898335
1210;262;9;418.9;24.05333333;50.655;1.476809136
1211;262;10;325.3666667;25.23333333;51.47166667;1.558418658
1212;262;11;455.6333333;27.62166667;49.32;1.873445051
1213;262;12;499.8;29.24666667;49.03333333;2.070365254
1214;262;13;355.6333333;30.17;51.76;2.066416905
1215;262;14;335.9;28.85666667;50.61666667;1.961359568
1216;262;15;427.0333333;29.205;49.65;2.040404582
1217;262;16;267.5;28.24833333;51.95666667;1.842007218
1218;262;17;203.2166667;26.64333333;52.53166667;1.656941921
1219;262;18;159.9833333;25.215;56.82833333;1.384886372
1220;262;19;25.87916667;23.27;66.39333333;0.959477933
1221;262;20;-0.1925;21.52666667;71.86333333;0.72256529
1222;262;21;0;19.69;72.60833333;0.62817353
1223;262;22;0;18.41;72.91833333;0.57341686
1224;262;23;0;17.445;73.285;0.532334895
1225;263;0;0;17.43666667;75.865;0.480671653
1226;263;1;0;16.63;77.41666667;0.427360753
1227;263;2;0;16.93;80.19;0.382086517
1228;263;3;0;17.20333333;80.12666667;0.390001661
1229;263;4;0;17.16666667;82;0.352420046
1230;263;5;52.66666667;17.59666667;79.215;0.418154504
1231;263;6;180.0833333;18.59666667;81.77333333;0.390462558
1232;263;7;288.7166667;21.19333333;65.39166667;0.870799318
1233;263;8;430.2333333;22.93166667;58.59;1.158336269
1234;263;9;434.65;24.34333333;51.88166667;1.465343945
1235;263;10;321.5333333;25.51;50.83833333;1.604914609
1236;263;11;423.7333333;28.215;48.62833333;1.965805051
1237;263;12;508.3166667;29.24666667;49.79;2.03962798
1238;263;13;350.5666667;29.86;49.54166667;2.123354648
1239;263;14;378.75;29.47666667;50.645;2.031648126
1240;263;15;416;28.25833333;50.24;1.908934152
1241;263;16;269.1333333;28.02166667;54.64666667;1.716096416
1242;263;17;198.0833333;26.78833333;58.74666667;1.452327664
1243;263;18;161.3;25.14833333;60.875;1.250107992
1244;263;19;26.71;23.44333333;67.105;0.94903
1245;263;20;-0.1925;21.84;71.64666667;0.742203171
1246;263;21;0;20.225;74.66166667;0.60065687
1247;263;22;0;19.18833333;76.02;0.533046379
1248;263;23;0;18.45;76.77833333;0.492920664
1249;264;0;0;17.89166667;77.72166667;0.456605224
1250;264;1;0;17.55;77.805;0.445208402
1251;264;2;0;17.37666667;77.17166667;0.452928254
1252;264;3;0;17.31666667;76.17666667;0.470880776
1253;264;4;0;17.06333333;78.01666667;0.427602626
1254;264;5;51.26666667;17.185;77.725;0.436626075
1255;264;6;172.8833333;18.47166667;81.38166667;0.395743635
1256;264;7;296.8666667;21.36;67.11333333;0.835975666
1257;264;8;416.8833333;23.11333333;57.68;1.19686757
1258;264;9;453.8333333;23.87;52.325;1.41121013
1259;264;10;331.4166667;25.61333333;49.92;1.644944562
1260;264;11;410.8;27.63833333;49.31833333;1.875330673
1261;264;12;479.8833333;29.03833333;50.44833333;1.988822923
1262;264;13;371.4333333;29.10833333;52.20333333;1.926155133
1263;264;14;308.0166667;29.50333333;50.38333333;2.045557582
1264;264;15;330.6;28.88333333;54.68833333;1.802423136
1265;264;16;233.25;28.62833333;52.94;1.844536387
1266;264;17;168.2833333;26.82;57.28666667;1.506527376
1267;264;18;159.1;25.04666667;65.125;1.107591057
1268;264;19;26.12916667;23.485;69.37166667;0.885857734
1269;264;20;-0.128333333;22.09333333;74.83833333;0.6689067
1270;264;21;0;21.41833333;78.73;0.542616072
1271;264;22;0;20.84333333;80.18333333;0.488014748
1272;264;23;0;19.3;82.28333333;0.396567842
1273;265;0;0;18.48666667;80.425;0.416469273
1274;265;1;0;17.79666667;78.48;0.438432974
1275;265;2;0;17.21;77.45833333;0.442552644
1276;265;3;0;17.495;76.14333333;0.476881532
1277;265;4;0;17.16333333;77.47833333;0.440856254
1278;265;5;52.55;16.965;78.79833333;0.40983673
1279;265;6;179.4833333;18.91333333;73.905;0.570197642
1280;265;7;286.4333333;21.21833333;68.07;0.80464096
1281;265;8;466.4666667;23.54333333;57.91833333;1.221405174
1282;265;9;430.0166667;24.10333333;51.4;1.458881518
1283;265;10;295.6;25.21833333;51.53166667;1.555104209
1284;265;11;278.0333333;27.66166667;52.10666667;1.774571923
1285;265;12;382.1333333;29.64333333;48.54333333;2.138573755
1286;265;13;321.05;29.855;49.80166667;2.111807144
1287;265;14;306.4166667;29.61833333;50.69166667;2.046343098
1288;265;15;262.5166667;29.35833333;50.83333333;2.010146058
1289;265;16;287.1333333;27.355;54.50833333;1.655644587
1290;265;17;185.0666667;25.96666667;62.14166667;1.269795109
1291;265;18;157.3666667;24.475;65.31333333;1.064664837
1292;265;19;26.0075;22.91166667;70.75;0.817202409
1293;265;20;-0.1925;20.45333333;72.80833333;0.653742005
1294;265;21;0;19.915;73.70333333;0.611532964
1295;265;22;0;19.06166667;75.97833333;0.529773808
1296;265;23;0;17.79166667;76.72166667;0.474106681
